TagName,CategoryName
structures,NATURE
structures,GEOSCIENCE
multiverse,BIOSCIENCE
multiverse,COMMUNICATION
multiverse,NEUROSCIENCE
multiverse,METAPHYSICS
multiverse,PARAPSYCHOLOGY
multiverse,ENERGY
death,METAPHYSICS
death,NEUROSCIENCE
electricity,ENERGY
markets,ECONOMICS
markets,PROJECTS
vibration,METAPHYSICS
vibration,PHILOSOPHY
implicate/explicate,PHYSICS
implicate/explicate,REFERENCE
Jinn,METAPHYSICS
behavior,COMMUNICATION
behavior,NEUROSCIENCE
mushrooms,NATURE
I-Ching,PHILOSOPHY
I-Ching,GEOMETRY
I-Ching,METAPHYSICS
I-Ching,PROJECTS
reason,MATH
reason,NATURE
reason,PHILOSOPHY
reason,NEUROSCIENCE
reason,METAPHYSICS
reason,PARAPSYCHOLOGY
video,BLOG
Richard Feynman,PHYSICS
Richard Feynman,NEUROSCIENCE
myth,METAPHYSICS
myth,PHILOSOPHY
myth,ASTRONOMY
hebrew,METAPHYSICS
hebrew,ESOTERIC
correlation,NATURE
correlation,PROJECTS
media,BLOG
trading,ECONOMICS
energy,PHYSICS
energy,MATH
energy,METAPHYSICS
energy,PARAPSYCHOLOGY
energy,ENERGY
synchronicity,METAPHYSICS
synchronicity,PHILOSOPHY
psychic,PSYCHOLOGY
psychic,METAPHYSICS
intention,BIOSCIENCE
intention,HEALTH
intention,PHILOSOPHY
intention,PSYCHOLOGY
intention,METAPHYSICS
intention,PARAPSYCHOLOGY
intention,ENERGY
machination,TECHNOLOGY
machination,POLITICS
fields,METAPHYSICS
fields,PROJECTS
grounding,NATURE
grounding,HEALTH
one,MATH
ants,NATURE
cycles,NATURE
cycles,PROJECTS
trojan,TECHNOLOGY
trojan,POLITICS
surveillance,TECHNOLOGY
surveillance,POLITICS
symmetry,GEOMETRY
punctuation,NONE
decoherence,PHYSICS
supply-chain,ECONOMICS
supply-chain,TECHNOLOGY
awareness,PHILOSOPHY
awareness,COMMUNICATION
awareness,METAPHYSICS
awareness,ENERGY
DNA,PSYCHOLOGY
DNA,HEALTH
DNA,BIOSCIENCE
polyhedra,GEOMETRY
heuristics,COMMUNICATION
heuristics,NEUROSCIENCE
architecture,NATURE
architecture,GEOMETRY
blog,BLOG
etymology,METAPHYSICS
etymology,ESOTERIC
theology,METAPHYSICS
theology,ASTRONOMY
Voyager,TECHNOLOGY
Voyager,POLITICS
Voyager,ASTRONOMY
earth,NATURE
earth,GEOSCIENCE
earth,BIOSCIENCE
exploration,BIOSCIENCE
exploration,ENERGY
supercomputing,COMMUNICATION
supercomputing,TECHNOLOGY
entropy,PHYSICS
entropy,GEOMETRY
entropy,MATH
entropy,NATURE
entropy,PHILOSOPHY
entropy,ENERGY
entropy,ASTRONOMY
data,TECHNOLOGY
data,REFERENCE
extinction,GEOSCIENCE
extinction,ASTRONOMY
Baal,METAPHYSICS
polygon,GEOMETRY
duality,METAPHYSICS
duality,PHILOSOPHY
David Bohm,PHYSICS
David Bohm,REFERENCE
rainmaking,NATURE
stargate,GEOSCIENCE
stargate,ASTRONOMY
physiological,NEUROSCIENCE
physiological,BIOSCIENCE
astronomical,GEOSCIENCE
astronomical,ASTRONOMY
belief,TECHNOLOGY
belief,PROJECTS
belief,PHILOSOPHY
belief,NEUROSCIENCE
belief,COMMUNICATION
belief,BLOG
belief,METAPHYSICS
inflammation,NATURE
inflammation,HEALTH
metaphysical,PHYSICS
metaphysical,METAPHYSICS
Yahweh,METAPHYSICS
concept,GEOMETRY
concept,STRUCTURE
concept,TECHNOLOGY
concept,MATH
concept,COMMUNICATION
concept,NEUROSCIENCE
concept,METAPHYSICS
concept,PARAPSYCHOLOGY
concept,ENERGY
fractal,NATURE
fractal,GEOMETRY
numbers,MATH
numbers,METAPHYSICS
numbers,ENERGY
occultism,NATURE
occultism,METAPHYSICS
occultism,PARAPSYCHOLOGY
language,COMMUNICATION
hydrogen,BIOSCIENCE
hydrogen,ENERGY
evolution,BIOSCIENCE
evolution,GEOSCIENCE
evolution,NATURE
evolution,NEUROSCIENCE
evolution,METAPHYSICS
evolution,PARAPSYCHOLOGY
evolution,ENERGY
Erwin Schrodinger,PHYSICS
Erwin Schrodinger,PHILOSOPHY
Erwin Schrodinger,ENERGY
tetrahedron,PHYSICS
tetrahedron,GEOMETRY
tetrahedron,PROJECTS
philosophy,METAPHYSICS
philosophy,PSYCHOLOGY
philosophy,POLITICS
crystalline,PHYSICS
crystalline,NATURE
crystalline,GEOMETRY
crystalline,PHILOSOPHY
Tunguska,TECHNOLOGY
Tunguska,POLITICS
Tunguska,ASTRONOMY
Aristotle,PHYSICS
Aristotle,METAPHYSICS
gravity,PHYSICS
gravity,METAPHYSICS
gravity,PROJECTS
finance,ECONOMICS
finance,GEOMETRY
finance,PROJECTS
semantic-web,ECONOMICS
semantic-web,TECHNOLOGY
ophthalmology,HEALTH
cholesterol,HEALTH
cholesterol,BIOSCIENCE
principles,MATH
principles,NATURE
principles,PHILOSOPHY
mythology,METAPHYSICS
mythology,COMMUNICATION
nocturnal,METAPHYSICS
nocturnal,PARAPSYCHOLOGY
cognition,BIOSCIENCE
cognition,POLITICS
cognition,PARAPSYCHOLOGY
cognition,NEUROSCIENCE
cognition,COMMUNICATION
cognition,METAPHYSICS
cognition,PSYCHOLOGY
lightning,NEUROSCIENCE
lightning,BIOSCIENCE
lightning,ENERGY
supernatural,NEUROSCIENCE
supernatural,PARAPSYCHOLOGY
supernatural,POLITICS
illusion,NATURE
illusion,COMMUNICATION
exercise,NATURE
exercise,HEALTH
order,STRUCTURE
order,MATH
order,NATURE
order,PHILOSOPHY
order,COMMUNICATION
order,BLOG
order,METAPHYSICS
force,ENERGY
epistemic,METAPHYSICS
epistemic,PHILOSOPHY
epistemic,PARAPSYCHOLOGY
reality,PHILOSOPHY
reality,ENERGY
archetypes,METAPHYSICS
archetypes,PHILOSOPHY
archetypes,PARAPSYCHOLOGY
archetypes,TECHNOLOGY
UNESCO,ECONOMICS
UNESCO,GEOSCIENCE
UNESCO,POLITICS
value,ECONOMICS
value,GEOMETRY
miltiverse,BIOSCIENCE
miltiverse,ENERGY
python,TECHNOLOGY
python,REFERENCE
python,BLOG
witch,PSYCHOLOGY
witch,METAPHYSICS
interplanetary,METAPHYSICS
tholonics,ECONOMICS
tholonia,NATURE
tholonia,METAPHYSICS
tholonia,PHILOSOPHY
tholonia,BLOG
wavelength,GEOMETRY
wavelength,METAPHYSICS
wavelength,ENERGY
complexity,NEUROSCIENCE
complexity,BIOSCIENCE
matter,METAPHYSICS
matter,PHILOSOPHY
about,BLOG
magic,NATURE
blockchain,ECONOMICS
blockchain,TECHNOLOGY
intelligence,TECHNOLOGY
intelligence,PHILOSOPHY
intelligence,COMMUNICATION
intelligence,NEUROSCIENCE
intelligence,METAPHYSICS
intelligence,ENERGY
magnetism,PHYSICS
magnetism,HEALTH
magnetism,PROJECTS
magnetism,NATURE
magnetism,ENERGY
neurocognitive,PSYCHOLOGY
neurocognitive,NEUROSCIENCE
pyramid,NATURE
sustainability,COMMUNICATION
sustainability,BIOSCIENCE
sustainability,TECHNOLOGY
Teonanácatl,COMMUNICATION
Teonanácatl,ENERGY
bible,METAPHYSICS
bible,ESOTERIC
society,PROJECTS
nothingness,NATURE
nothingness,COMMUNICATION
nothingness,PHILOSOPHY
nothingness,PARAPSYCHOLOGY
nothingness,ASTRONOMY
information,GEOMETRY
information,COMMUNICATION
information,PARAPSYCHOLOGY
AI,TECHNOLOGY
AI,POLITICS
AI,COMMUNICATION
AI,BLOG
AI,METAPHYSICS
Carl Jung,NATURE
Carl Jung,METAPHYSICS
Carl Jung,PSYCHOLOGY
ideology,METAPHYSICS
monotheism,METAPHYSICS
monotheism,ESOTERIC
pattern,PHYSICS
pattern,GEOMETRY
pattern,PROJECTS
pattern,MATH
pattern,NATURE
pattern,NEUROSCIENCE
pattern,COMMUNICATION
pattern,BLOG
pattern,ECONOMICS
pattern,PARAPSYCHOLOGY
pattern,ENERGY
ontogenesis,NATURE
ontogenesis,NEUROSCIENCE
ontogenesis,BIOSCIENCE
mass,ENERGY
population,HEALTH
population,BIOSCIENCE
transforms,Gallery
interactive,VIDEO
culture,POLITICS
culture,HEALTH
culture,BIOSCIENCE
culture,TECHNOLOGY
quantum,PHYSICS
quantum,METAPHYSICS
speed-of-light,PHYSICS
science,NATURE
science,PROJECTS
international,ECONOMICS
international,TECHNOLOGY
creation,PHYSICS
creation,GEOMETRY
creation,TECHNOLOGY
creation,NATURE
creation,PHILOSOPHY
creation,COMMUNICATION
creation,METAPHYSICS
creation,ENERGY
creation,ASTRONOMY
aliens,METAPHYSICS
earthquakes,NATURE
earthquakes,GEOSCIENCE
number,COMMUNICATION
oobe,BIOSCIENCE
oobe,REFERENCE
oobe,POLITICS
oobe,PROJECTS
oobe,NATURE
oobe,PARAPSYCHOLOGY
oobe,NEUROSCIENCE
oobe,COMMUNICATION
oobe,ESOTERIC
oobe,METAPHYSICS
oobe,PSYCHOLOGY
oobe,ENERGY
tholonic,BLOG
coherence,GEOMETRY
coherence,METAPHYSICS
coherence,ENERGY
form,NATURE
form,GEOMETRY
holography,GEOMETRY
lectures,PHYSICS
lectures,NEUROSCIENCE
LSD,COMMUNICATION
LSD,ENERGY
realities,METAPHYSICS
realities,PROJECTS
realities,ESOTERIC
brain,PSYCHOLOGY
brain,NEUROSCIENCE
brain,PARAPSYCHOLOGY
brain,BIOSCIENCE
U.N.,ECONOMICS
U.N.,GEOSCIENCE
U.N.,POLITICS
William Sidis,PHYSICS
William Sidis,METAPHYSICS
William Sidis,ASTRONOMY
electrodynamics,PHYSICS
electrodynamics,NEUROSCIENCE
chaos,PHYSICS
chaos,GEOMETRY
chaos,NATURE
chaos,PHILOSOPHY
chaos,BLOG
chaos,ENERGY
chaos,ASTRONOMY
esp,METAPHYSICS
esp,PSYCHOLOGY
esp,POLITICS
ghosts,METAPHYSICS
thologram,NATURE
thologram,GEOMETRY
brownian,MATH
brownian,GEOMETRY
thermodynamics,PHYSICS
thermodynamics,METAPHYSICS
math,GEOMETRY
machines,TECHNOLOGY
machines,REFERENCE
consciousness,PHYSICS
consciousness,BIOSCIENCE
consciousness,HEALTH
consciousness,PROJECTS
consciousness,NEUROSCIENCE
consciousness,PHILOSOPHY
consciousness,COMMUNICATION
consciousness,PSYCHOLOGY
consciousness,METAPHYSICS
consciousness,PARAPSYCHOLOGY
consciousness,ENERGY
electromagnetism,PHYSICS
electromagnetism,PARAPSYCHOLOGY
agriculture,BIOSCIENCE
agriculture,GEOSCIENCE
agriculture,NATURE
agriculture,ECONOMICS
agriculture,ENERGY
Isaac Newton,PHYSICS
Isaac Newton,METAPHYSICS
neurophysiology,NEUROSCIENCE
CIA,GEOSCIENCE
CIA,METAPHYSICS
CIA,POLITICS
CIA,ASTRONOMY
water,BIOSCIENCE
water,GEOSCIENCE
water,HEALTH
water,PROJECTS
water,NATURE
water,BLOG
water,ECONOMICS
water,ENERGY
relativity,PHYSICS
relativity,METAPHYSICS
astrology,GEOMETRY
astrology,METAPHYSICS
animal,NATURE
animal,BIOSCIENCE
networks,TECHNOLOGY
networks,REFERENCE
history,PHYSICS
history,BIOSCIENCE
history,GEOSCIENCE
history,PROJECTS
history,NATURE
history,PHILOSOPHY
history,ESOTERIC
history,METAPHYSICS
history,ASTRONOMY
chemistry,NATURE
chemistry,NEUROSCIENCE
chemistry,BIOSCIENCE
chemistry,ENERGY
zero,MATH
imagination,METAPHYSICS
imagination,PHILOSOPHY
imagination,PARAPSYCHOLOGY
